{
  "params": {
    "B": 40,
    "k": 11,
    "h": 1.0,
    "sample": 30000
  },
  "metrics": {
    "n_clusters": {
      "human_mean": 276.175,
      "human_std": 8.279995974234126,
      "bot_mean": 289.075,
      "bot_std": 10.097949779217055,
      "delta": 12.899999999999977,
      "se": 2.0647452813659792,
      "ci95": [
        8.853099248522657,
        16.946900751477298
      ],
      "mannwhitney_p": 4.6028150103678996e-07,
      "cohen_d": 1.3970380351548248,
      "raw_human": [
        277.0,
        275.0,
        278.0,
        273.0,
        282.0,
        279.0,
        291.0,
        277.0,
        269.0,
        271.0,
        286.0,
        265.0,
        263.0,
        268.0,
        271.0,
        285.0,
        274.0,
        284.0,
        261.0,
        280.0,
        279.0,
        299.0,
        282.0,
        270.0,
        268.0,
        284.0,
        270.0,
        278.0,
        273.0,
        284.0,
        273.0,
        274.0,
        279.0,
        258.0,
        282.0,
        287.0,
        282.0,
        272.0,
        270.0,
        274.0
      ],
      "raw_bot": [
        284.0,
        296.0,
        292.0,
        302.0,
        305.0,
        294.0,
        276.0,
        290.0,
        304.0,
        278.0,
        289.0,
        280.0,
        286.0,
        282.0,
        284.0,
        290.0,
        273.0,
        284.0,
        305.0,
        296.0,
        273.0,
        294.0,
        295.0,
        301.0,
        288.0,
        269.0,
        294.0,
        294.0,
        290.0,
        277.0,
        277.0,
        301.0,
        295.0,
        298.0,
        277.0,
        283.0,
        278.0,
        299.0,
        306.0,
        284.0
      ]
    },
    "noise_fraction": {
      "human_mean": 0.708955,
      "human_std": 0.009788304987581584,
      "bot_mean": 0.7304083333333333,
      "bot_std": 0.009097721295111905,
      "delta": 0.021453333333333324,
      "se": 0.0021129330756879594,
      "ci95": [
        0.017311984504984924,
        0.025594682161681724
      ],
      "mannwhitney_p": 2.925656924962885e-12,
      "cohen_d": 2.2703564173075543,
      "raw_human": [
        0.7011666666666667,
        0.7258333333333333,
        0.7,
        0.7118333333333333,
        0.6912,
        0.7092666666666667,
        0.7055333333333333,
        0.7116333333333333,
        0.7067333333333333,
        0.6921333333333334,
        0.7148,
        0.7172333333333333,
        0.7018333333333333,
        0.7096,
        0.7222333333333333,
        0.7018333333333333,
        0.7001333333333334,
        0.6927666666666666,
        0.7047,
        0.6918333333333333,
        0.716,
        0.7131666666666666,
        0.7128333333333333,
        0.7133666666666667,
        0.716,
        0.6931666666666667,
        0.7106,
        0.7069666666666666,
        0.7108,
        0.7194,
        0.7136666666666667,
        0.6918333333333333,
        0.7213333333333334,
        0.7196333333333333,
        0.7234666666666667,
        0.7082,
        0.7265333333333334,
        0.7099,
        0.713,
        0.7060333333333333
      ],
      "raw_bot": [
        0.7352666666666666,
        0.7381333333333333,
        0.7345666666666667,
        0.7514,
        0.7242333333333333,
        0.7287666666666667,
        0.7238666666666667,
        0.7134333333333334,
        0.7320666666666666,
        0.7284333333333334,
        0.7280333333333333,
        0.7215333333333334,
        0.7426,
        0.7452,
        0.7359,
        0.73,
        0.7310666666666666,
        0.7207,
        0.7383,
        0.7152666666666667,
        0.7266333333333334,
        0.7328,
        0.7439333333333333,
        0.7272,
        0.7219,
        0.7333666666666666,
        0.7382,
        0.7380333333333333,
        0.7344333333333334,
        0.7292333333333333,
        0.7479,
        0.7293666666666667,
        0.7348666666666667,
        0.7286333333333334,
        0.7190333333333333,
        0.7228333333333333,
        0.7243333333333334,
        0.7301,
        0.725,
        0.7097666666666667
      ]
    },
    "silhouette": {
      "human_mean": 0.3548724040389061,
      "human_std": 0.012170467272304412,
      "bot_mean": 0.36061226651072503,
      "bot_std": 0.015446687292263419,
      "delta": 0.005739862471818957,
      "se": 0.0031093424623672644,
      "ci95": [
        -0.00035444875442088106,
        0.011834173698058795
      ],
      "mannwhitney_p": 0.08072678695829417,
      "cohen_d": 0.41277931986673416,
      "raw_human": [
        0.3811582326889038,
        0.3682000935077667,
        0.34861499071121216,
        0.34581974148750305,
        0.34347251057624817,
        0.3657616078853607,
        0.34571853280067444,
        0.3644947409629822,
        0.3526337146759033,
        0.34421634674072266,
        0.3579235374927521,
        0.36488085985183716,
        0.33431121706962585,
        0.34494513273239136,
        0.364718496799469,
        0.35456153750419617,
        0.3448004722595215,
        0.36157557368278503,
        0.3502090871334076,
        0.3308343291282654,
        0.3529374897480011,
        0.37523022294044495,
        0.36981114745140076,
        0.35208627581596375,
        0.35591036081314087,
        0.3446374535560608,
        0.3571850657463074,
        0.33965441584587097,
        0.3539625406265259,
        0.35927680134773254,
        0.33989959955215454,
        0.3521018624305725,
        0.3786470293998718,
        0.3587336242198944,
        0.3784743845462799,
        0.3544427156448364,
        0.3564950227737427,
        0.362246036529541,
        0.34415894746780396,
        0.34015440940856934
      ],
      "raw_bot": [
        0.34201231598854065,
        0.3366222381591797,
        0.37227049469947815,
        0.3812166154384613,
        0.33961397409439087,
        0.38621410727500916,
        0.38964784145355225,
        0.35417836904525757,
        0.35553795099258423,
        0.36519280076026917,
        0.345071017742157,
        0.3629123270511627,
        0.3464352488517761,
        0.36172106862068176,
        0.37647515535354614,
        0.3509170711040497,
        0.37325844168663025,
        0.33849838376045227,
        0.348934143781662,
        0.3580538034439087,
        0.33627745509147644,
        0.3574986755847931,
        0.37941548228263855,
        0.3483746647834778,
        0.3615429699420929,
        0.39798128604888916,
        0.36313873529434204,
        0.37189701199531555,
        0.3536452054977417,
        0.37202250957489014,
        0.38345322012901306,
        0.3325686454772949,
        0.36173951625823975,
        0.3674343228340149,
        0.35613319277763367,
        0.36008045077323914,
        0.3570612072944641,
        0.36123648285865784,
        0.35961636900901794,
        0.35858988761901855
      ]
    },
    "davies_bouldin": {
      "human_mean": 1.000923107381992,
      "human_std": 0.08691545477535188,
      "bot_mean": 1.1443082807282974,
      "bot_std": 0.13773598939925652,
      "delta": 0.1433851733463054,
      "se": 0.02575145581059367,
      "ci95": [
        0.09291231995754182,
        0.193858026735069
      ],
      "mannwhitney_p": 2.594065202742866e-06,
      "cohen_d": 1.2450519183308977,