{
  "params": {
    "k": 11,
    "h": 1.0,
    "sample": 30000
  },
  "configs": [
    {
      "emb": "svd",
      "n": 3,
      "m": 8,
      "dim": 24,
      "human": {
        "n_points": 30000,
        "n_clusters": 321,
        "noise_points": 19251,
        "noise_fraction": 0.6417,
        "cluster_sizes": [
          627,
          229,
          227,
          192,
          155,
          139,
          138,
          135,
          134,
          132,
          125,
          125,
          121,
          118,
          107,
          106,
          105,
          104,
          103,
          102
        ],
        "largest_cluster_frac": 0.0209,
        "silhouette": 0.41884273290634155,
        "davies_bouldin": 0.9551395573254511,
        "calinski_harabasz": 470.7172705507219
      },
      "bot": {
        "n_points": 30000,
        "n_clusters": 352,
        "noise_points": 19525,
        "noise_fraction": 0.6508333333333334,
        "cluster_sizes": [
          292,
          276,
          232,
          213,
          163,
          149,
          147,
          137,
          122,
          119,
          114,
          114,
          114,
          114,
          113,
          111,
          110,
          109,
          102,
          97
        ],
        "largest_cluster_frac": 0.009733333333333333,
        "silhouette": 0.42216405272483826,
        "davies_bouldin": 0.8507820498599887,
        "calinski_harabasz": 817.220681651197
      }
    },
    {
      "emb": "svd",
      "n": 4,
      "m": 8,
      "dim": 32,
      "human": {
        "n_points": 30000,
        "n_clusters": 234,
        "noise_points": 23373,
        "noise_fraction": 0.7791,
        "cluster_sizes": [
          444,
          186,
          149,
          149,
          142,
          142,
          109,
          106,
          104,
          98,
          98,
          90,
          89,
          82,
          82,
          81,
          79,
          77,
          76,
          68
        ],
        "largest_cluster_frac": 0.0148,
        "silhouette": 0.38190487027168274,
        "davies_bouldin": 1.0801020687935405,
        "calinski_harabasz": 239.5056540308445
      },
      "bot": {
        "n_points": 30000,
        "n_clusters": 247,
        "noise_points": 23826,
        "noise_fraction": 0.7942,
        "cluster_sizes": [
          254,
          174,
          167,
          122,
          122,
          121,
          109,
          108,
          97,
          88,
          86,
          85,
          83,
          82,
          80,
          78,
          77,
          73,
          72,
          64
        ],
        "largest_cluster_frac": 0.008466666666666667,
        "silhouette": 0.38296326994895935,
        "davies_bouldin": 1.2355802990548177,
        "calinski_harabasz": 305.34155958447934
      }
    },
    {
      "emb": "svd",
      "n": 5,
      "m": 8,
      "dim": 40,
      "human": {
        "n_points": 30000,
        "n_clusters": 156,
        "noise_points": 25389,
        "noise_fraction": 0.8463,
        "cluster_sizes": [
          528,
          186,
          165,
          159,
          129,
          119,
          117,
          114,
          106,
          96,
          88,
          87,
          86,
          77,
          73,
          71,
          69,
          61,
          61,
          59
        ],
        "largest_cluster_frac": 0.0176,
        "silhouette": 0.2967475950717926,
        "davies_bouldin": 1.2357928033260686,
        "calinski_harabasz": 112.01950788657801
      },
      "bot": {
        "n_points": 30000,
        "n_clusters": 169,
        "noise_points": 25082,
        "noise_fraction": 0.8360666666666666,
        "cluster_sizes": [
          392,
          299,
          161,
          160,
          147,
          124,
          109,
          96,
          92,
          88,
          86,
          82,
          80,
          79,
          75,
          72,
          72,
          68,
          63,
          62
        ],
        "largest_cluster_frac": 0.013066666666666667,
        "silhouette": 0.24321913719177246,
        "davies_bouldin": 1.3145028524083853,
        "calinski_harabasz": 108.20018224850736
      }
    },
    {
      "emb": "svd",
      "n": 4,
      "m": 16,
      "dim": 64,
      "human": {
        "n_points": 30000,
        "n_clusters": 273,
        "noise_points": 21355,
        "noise_fraction": 0.7118333333333333,
        "cluster_sizes": [
          321,
          216,
          205,
          193,
          177,
          166,
          157,
          154,
          142,
          131,
          129,
          120,
          119,
          114,
          106,
          102,
          102,
          101,
          92,
          90
        ],
        "largest_cluster_frac": 0.0107,
        "silhouette": 0.3482118546962738,
        "davies_bouldin": 0.9023789602702263,
        "calinski_harabasz": 299.74617790318473
      },
      "bot": {
        "n_points": 30000,
        "n_clusters": 302,
        "noise_points": 22542,
        "noise_fraction": 0.7514,
        "cluster_sizes": [
          196,
          170,
          162,
          156,
          128,
          125,
          115,
          110,
          104,
          104,
          99,
          89,
          87,
          83,
          83,
          81,
          81,
          76,
          76,
          75
        ],
        "largest_cluster_frac": 0.006533333333333334,
        "silhouette": 0.3763917088508606,
        "davies_bouldin": 1.2281555906848416,
        "calinski_harabasz": 175.60372243070296
      }
    },
    {
      "emb": "svd",
      "n": 4,
      "m": 32,
      "dim": 128,
      "human": {
        "n_points": 30000,
        "n_clusters": 305,
        "noise_points": 18855,
        "noise_fraction": 0.6285,
        "cluster_sizes": [
          964,
          267,
          247,
          212,
          201,
          192,
          178,
          171,
          160,
          149,
          146,
          137,
          136,
          130,
          119,
          118,
          117,
          105,
          103,
          101
        ],
        "largest_cluster_frac": 0.03213333333333333,
        "silhouette": 0.3450770080089569,
        "davies_bouldin": 0.9523265744849126,
        "calinski_harabasz": 273.12544067302014
      },
      "bot": {
        "n_points": 30000,
        "n_clusters": 322,
        "noise_points": 19301,
        "noise_fraction": 0.6433666666666666,
        "cluster_sizes": [
          250,
          250,
          197,
          190,
          188,
          179,
          172,
          157,
          152,
          150,
          134,
          131,
          128,
          124,
          115,
          111,
          111,
          110,
          106,
          106
        ],
        "largest_cluster_frac": 0.008333333333333333,
        "silhouette": 0.3100081980228424,
        "davies_bouldin": 1.2550802645171928,
        "calinski_harabasz": 299.04465166108423
      }
    },
    {
      "emb": "w2v",
      "n": 4,
      "m": 8,
      "dim": 32,
      "human": {
        "n_points": 30000,
        "n_clusters": 17,
        "noise_points": 28042,
        "noise_fraction": 0.9347333333333333,
        "cluster_sizes": [
          1704,
          100,
          40,
          26,
          26,
          22,
          16,
          15,
          1,
          1,
          1,
          1,
          1,
          1,
          1,
          1,
          1
        ],
        "largest_cluster_frac": 0.0568,
        "silhouette": -0.20705577731132507,
        "davies_bouldin": 2.3296973464865425,
        "calinski_harabasz": 5.224364559047517
      },
      "bot": {
        "n_points": 30000,
        "n_clusters": 30,
        "noise_points": 27777,
        "noise_fraction": 0.9259,